City_ID,City,Country,Lat,Lng,Max Temp,Humidity,Cloudiness,Wind Speed,Current Description
0,Ribeira Grande,PT,38.5167,-28.7,77.4,83,40,11.5,scattered clouds
1,Mar Del Plata,AR,-38.0023,-57.5575,55.87,86,100,4.76,overcast clouds
2,Hilo,US,19.7297,-155.09,84.27,96,100,6.91,moderate rain
3,Avera,US,33.194,-82.5271,92.71,39,39,2.21,scattered clouds
4,Tuktoyaktuk,CA,69.4541,-133.0374,40.91,95,100,14.97,light rain
5,Saint George,US,37.1041,-113.5841,103.62,17,0,11.01,clear sky
6,New Norfolk,AU,-42.7826,147.0587,47.91,84,100,1.9,overcast clouds
7,Sitka,US,57.0531,-135.33,55.29,94,100,0.0,mist
8,Flinders,AU,-34.5833,150.8552,48.25,92,12,4.0,few clouds
9,Yellowknife,CA,62.456,-114.3525,68.56,45,75,19.57,broken clouds
10,Guadix,ES,37.2993,-3.1392,82.45,26,3,4.79,clear sky
11,Waipawa,NZ,-41.4122,175.5153,42.3,87,100,4.07,overcast clouds
12,Thompson,CA,55.7435,-97.8558,64.56,55,75,8.05,broken clouds
13,Lompoc,US,34.6391,-120.4579,84.02,76,20,15.99,few clouds
14,Port Elizabeth,ZA,-33.918,25.5701,54.32,84,0,14.0,clear sky
15,Bredasdorp,ZA,-34.5322,20.0403,47.71,77,17,4.54,few clouds
16,Husavik,IS,66.0449,-17.3389,49.1,84,100,5.08,overcast clouds
17,Teacapan,MX,22.55,-105.75,87.6,64,16,10.13,few clouds
18,Veliki Preslav,BG,43.1667,26.8167,69.51,59,0,4.63,clear sky
19,Ushuaia,AR,-54.8,-68.3,37.02,93,100,27.63,sleet
20,Carnarvon,AU,-24.8667,113.6333,66.69,54,76,20.02,broken clouds
21,Hobart,AU,-42.8794,147.3294,48.27,94,100,5.75,overcast clouds
22,San Pedro,PH,14.35,121.0167,78.33,88,100,2.37,overcast clouds
23,Pangody,RU,65.85,74.4859,50.83,91,100,15.32,overcast clouds
24,Ballina,AU,-28.8667,153.5667,55.02,94,73,10.87,broken clouds
25,Zhigansk,RU,66.7697,123.3711,51.57,91,38,6.78,scattered clouds
26,Atuona,PF,-9.8,-139.0333,77.25,78,45,18.9,light rain
27,Barrhead,GB,55.7992,-4.3929,67.01,85,100,7.0,overcast clouds
28,Kapaa,US,22.0752,-159.319,80.92,70,20,14.97,few clouds
29,Mataura,NZ,-46.1927,168.8643,31.48,89,100,2.15,overcast clouds
30,Medina,SA,24.4686,39.6142,109.83,9,20,13.8,few clouds
31,Ostrovnoy,RU,68.0531,39.5131,51.26,81,96,2.48,overcast clouds
32,Victoria,HK,22.2855,114.1577,88.18,82,70,8.01,broken clouds
33,Hermanus,ZA,-34.4187,19.2345,46.8,71,36,4.7,scattered clouds
34,Bengkulu,ID,-3.8004,102.2655,75.13,92,98,5.53,overcast clouds
35,Ponta Do Sol,PT,32.6667,-17.1,75.72,72,2,4.83,clear sky
36,Nouadhibou,MR,20.931,-17.0347,76.98,83,20,16.11,few clouds
37,Nikolskoye,RU,59.7035,30.7861,67.91,97,13,2.42,few clouds
38,Gat,IL,31.61,34.7642,80.82,100,0,2.13,clear sky
39,Lincoln,US,40.8,-96.667,98.51,36,0,20.71,clear sky
40,Harper,LR,4.375,-7.7169,74.93,76,69,7.7,broken clouds
41,Nanakuli,US,21.3906,-158.1547,84.15,56,20,9.22,few clouds
42,Mathathane,BW,-22.2687,28.7495,64.65,51,0,3.96,clear sky
43,Oranjemund,NA,-28.55,16.4333,54.43,79,0,21.43,clear sky
44,Nueva Concepcion,GT,14.2,-91.3,85.44,70,63,8.68,broken clouds
45,Rikitea,PF,-23.1203,-134.9692,72.25,67,0,7.52,clear sky
46,Chuy,UY,-33.6971,-53.4616,63.05,92,67,7.54,broken clouds
47,Bluff,NZ,-46.6,168.3333,31.8,82,78,5.84,broken clouds
48,Pecos,US,31.4229,-103.4932,98.69,23,40,9.22,scattered clouds
49,Butaritari,KI,3.0707,172.7902,81.88,74,22,14.32,few clouds
50,Bandarbeyla,SO,9.4942,50.8122,76.59,83,32,29.86,scattered clouds
51,Iqaluit,CA,63.7506,-68.5145,47.93,87,100,5.75,overcast clouds
52,Souillac,MU,-20.5167,57.5167,70.18,78,40,14.97,scattered clouds
53,Kaabong,UG,3.4836,34.1492,69.33,56,100,5.01,overcast clouds
54,Tura,IN,25.5198,90.2201,74.07,99,100,4.83,moderate rain
55,Jalu,LY,29.0331,21.5482,86.77,27,0,13.96,clear sky
56,Punta Arenas,CL,-53.15,-70.9167,36.63,64,56,11.99,broken clouds
57,Jamestown,US,42.097,-79.2353,85.59,57,0,15.01,clear sky
58,Airai,TL,-8.9266,125.4092,51.17,84,93,1.79,overcast clouds
59,Salalah,OM,17.0151,54.0924,77.4,90,57,6.85,broken clouds
60,Maceio,BR,-9.6658,-35.7353,78.24,78,20,6.91,few clouds
61,Qaanaaq,GL,77.484,-69.3632,37.78,98,100,2.95,overcast clouds
62,Tuatapere,NZ,-46.1333,167.6833,38.43,94,65,2.86,broken clouds
63,Thinadhoo,MV,0.5333,72.9333,81.81,73,99,6.8,overcast clouds
64,Biak,ID,-0.9131,122.8766,75.07,86,51,4.94,broken clouds
65,Nome,US,64.5011,-165.4064,49.03,77,100,13.8,light rain
66,Vila Franca Do Campo,PT,37.7167,-25.4333,72.01,77,93,4.05,overcast clouds
67,Puerto Ayora,EC,-0.7393,-90.3518,71.06,73,85,10.47,overcast clouds
68,Hasaki,JP,35.7333,140.8333,72.28,87,99,9.98,overcast clouds
69,Maningrida,AU,-12.0667,134.2667,55.54,85,99,7.0,overcast clouds
70,Codrington,AU,-38.2667,141.9667,46.42,94,6,6.53,clear sky
71,Kropotkin,RU,45.4375,40.5756,65.41,64,76,7.61,broken clouds
72,Imbituba,BR,-28.24,-48.6703,66.09,95,4,1.99,clear sky
73,Chokurdakh,RU,70.6333,147.9167,51.04,55,92,12.01,overcast clouds
74,Busselton,AU,-33.65,115.3333,50.54,66,70,13.53,broken clouds
75,Saint-Philippe,RE,-21.3585,55.7679,69.39,85,54,13.31,light rain
76,Karwar,IN,14.8,74.1333,77.79,82,100,10.29,overcast clouds
77,Cape Town,ZA,-33.9258,18.4232,56.37,69,20,11.5,few clouds
78,Barrow,US,71.2906,-156.7887,37.42,87,100,12.66,mist
79,Cabo San Lucas,MX,22.8909,-109.9124,82.51,80,82,7.34,broken clouds
80,Isangel,VU,-19.55,169.2667,76.01,89,7,10.18,clear sky
81,Shamsabad,IN,27.0167,78.1333,88.23,63,100,10.22,overcast clouds
82,Hami,CN,42.8,93.45,84.56,22,2,6.76,clear sky
83,Syracuse,IT,37.0881,15.2792,85.59,57,0,7.0,clear sky
84,Karasjok,NO,69.4719,25.5112,51.13,77,61,11.7,broken clouds
85,Baruun-Urt,MN,46.6806,113.2792,64.56,46,100,9.86,light rain
86,Yerbogachen,RU,61.2767,108.0108,66.22,95,51,7.14,broken clouds
87,Matara,LK,5.9485,80.5353,78.31,86,89,13.91,overcast clouds
88,Vila Velha,BR,-20.3297,-40.2925,78.75,77,20,13.8,few clouds
89,Ostersund,SE,63.1792,14.6357,52.83,66,72,1.81,broken clouds
90,Kodiak,US,57.79,-152.4072,51.31,87,100,8.05,light rain
91,Arraial Do Cabo,BR,-22.9661,-42.0278,72.46,83,2,19.82,clear sky
92,Dingle,PH,10.9995,122.6711,77.31,90,100,0.94,overcast clouds
93,Longyearbyen,SJ,78.2186,15.6401,48.04,93,75,9.22,broken clouds
94,Ust-Tsilma,RU,65.441,52.1498,51.37,79,84,3.11,broken clouds
95,Vaini,TO,-21.2,-175.2,69.96,88,40,10.36,scattered clouds
96,Clyde River,CA,70.4692,-68.5914,45.82,71,100,4.7,overcast clouds
97,Mehamn,NO,71.0357,27.8492,51.75,87,100,16.11,overcast clouds
98,Provideniya,RU,64.3833,-173.3,44.76,81,99,8.61,overcast clouds
99,Yangjiang,CN,21.85,111.9667,80.26,80,8,5.23,clear sky
100,Rawson,AR,-43.3002,-65.1023,40.32,96,100,14.05,light rain
101,Rocky Mountain House,CA,52.3668,-114.9188,71.64,63,10,8.12,clear sky
102,Torbay,CA,47.6666,-52.7314,83.17,69,75,12.66,broken clouds
103,Nikolayevsk-Na-Amure,RU,53.1406,140.73,58.68,79,61,2.15,broken clouds
104,Broome,US,42.2506,-75.833,90.72,32,50,10.16,scattered clouds
105,Belaya Gora,RU,68.5333,146.4167,55.17,52,11,12.21,few clouds
106,Korla,CN,41.7597,86.1469,86.67,17,0,2.06,clear sky
107,Bethel,US,41.3712,-73.414,95.34,47,14,3.0,few clouds
108,East London,ZA,-33.0153,27.9116,57.78,73,79,21.72,light rain
109,Ust-Nera,RU,64.5667,143.2,63.16,85,100,6.44,overcast clouds
110,Hihya,EG,30.6713,31.588,76.44,60,0,5.84,clear sky
111,Christchurch,NZ,-43.5333,172.6333,36.41,100,20,0.0,few clouds
112,Namibe,AO,-15.1961,12.1522,63.91,89,54,1.97,broken clouds
113,Havoysund,NO,70.9963,24.6622,52.03,93,100,20.67,overcast clouds
114,Mahebourg,MU,-20.4081,57.7,70.25,78,40,14.97,scattered clouds
115,Adrar,MR,20.5022,-10.0711,93.51,32,84,15.03,broken clouds
116,Albany,US,42.6001,-73.9662,96.44,37,9,1.01,clear sky
117,Gazanjyk,TM,39.2446,55.5154,81.19,52,8,13.15,clear sky
118,Salinopolis,BR,-0.6136,-47.3561,81.18,80,98,9.91,overcast clouds
119,Severo-Kurilsk,RU,50.6789,156.125,54.66,90,49,1.99,scattered clouds
120,Borba,BR,-4.3878,-59.5939,96.28,29,77,4.05,broken clouds
121,Georgetown,MY,5.4112,100.3354,79.95,94,40,5.99,scattered clouds
122,Upernavik,GL,72.7868,-56.1549,42.98,96,100,4.79,overcast clouds
123,Goderich,CA,43.7501,-81.7165,75.88,75,13,2.89,few clouds
124,Chabahar,IR,25.2919,60.643,83.08,83,53,10.74,broken clouds
125,Lovington,US,32.944,-103.3485,96.04,28,0,3.0,clear sky
126,Chebarkul,RU,54.9749,60.3633,58.66,82,33,4.0,scattered clouds
127,Dikson,RU,73.5069,80.5464,49.87,78,57,10.51,broken clouds
128,Naze,JP,28.3667,129.4833,76.12,75,100,1.39,overcast clouds
129,Meulaboh,ID,4.1363,96.1285,76.53,91,100,5.7,overcast clouds
130,Huarmey,PE,-10.0681,-78.1522,66.33,77,45,7.76,scattered clouds
131,Lebu,CL,-37.6167,-73.65,53.6,90,100,5.75,overcast clouds
132,Tommot,RU,58.9564,126.2925,67.41,93,70,1.52,light rain
133,Desesti,RO,47.7667,23.85,77.88,35,95,3.13,overcast clouds
134,Balyaga,RU,51.1507,108.921,51.33,96,28,0.56,scattered clouds
135,Tshikapa,CD,-6.4167,20.8,83.75,29,84,1.77,broken clouds
136,Jackson,US,42.4165,-122.8345,85.75,22,0,2.51,clear sky
137,Hithadhoo,MV,-0.6,73.0833,81.25,74,100,7.27,overcast clouds
138,Marawi,PH,7.9986,124.2928,69.1,92,100,3.24,light rain
139,Hendersonville,US,36.3048,-86.62,98.28,46,0,3.0,clear sky
140,Powell,US,40.1578,-83.0752,84.29,72,0,10.36,clear sky
141,Kosh-Agach,RU,50.0,88.6667,46.35,71,8,2.24,clear sky
142,Saint-Francois,FR,46.4154,3.9054,71.04,64,0,4.61,clear sky
143,Port-Cartier,CA,50.0334,-66.8654,65.08,89,53,5.75,broken clouds
144,Maruim,BR,-10.7375,-37.0817,78.76,88,98,7.31,overcast clouds
145,Castro,BR,-24.7911,-50.0119,66.87,60,100,3.8,overcast clouds
146,Saskylakh,RU,71.9167,114.0833,50.86,88,73,1.9,broken clouds
147,Tasiilaq,GL,65.6145,-37.6368,41.36,75,100,2.21,overcast clouds
148,Pevek,RU,69.7008,170.3133,35.98,84,100,1.77,overcast clouds
149,Rawlins,US,41.7911,-107.2387,85.14,19,96,14.65,overcast clouds
150,Aktash,RU,50.3,87.7333,39.49,86,9,2.51,clear sky
151,Shimoda,JP,34.6667,138.95,74.1,88,100,5.77,overcast clouds
152,Yakeshi,CN,49.2833,120.7333,59.02,95,100,5.08,overcast clouds
153,Buraydah,SA,26.326,43.975,97.25,11,59,10.74,broken clouds
154,Paine,CL,-33.8167,-70.75,72.84,54,44,2.26,scattered clouds
155,Okhotsk,RU,59.3833,143.3,58.37,95,100,11.83,light rain
156,Khatanga,RU,71.9667,102.5,48.04,87,3,14.05,clear sky
157,Muroto,JP,33.2833,134.15,77.36,76,100,5.82,overcast clouds
158,Hay River,CA,60.8156,-115.7999,73.49,39,5,9.48,clear sky
159,Ornskoldsvik,SE,63.2909,18.7153,61.75,72,91,3.44,overcast clouds
160,Port Alfred,ZA,-33.5906,26.891,58.78,66,100,18.9,light rain
161,Morgan City,US,29.6994,-91.2068,88.86,58,96,9.55,overcast clouds
162,Keuruu,FI,62.2667,24.7,59.81,95,100,4.29,overcast clouds
163,Kochki,RU,54.3358,80.4806,55.29,94,31,10.65,scattered clouds
164,Sergeyevka,KZ,53.88,67.4158,55.54,78,8,5.21,clear sky
165,Dwarka,IN,22.2394,68.9678,81.82,82,100,20.8,moderate rain
166,Bunia,CD,1.5667,30.25,65.59,74,18,2.21,few clouds
167,Peniche,PT,39.3558,-9.3811,70.09,82,0,11.65,clear sky
168,Santa Vitoria,BR,-18.8386,-50.1214,84.88,24,13,3.89,few clouds
169,Gizo,SB,-8.103,156.8419,81.68,77,6,9.28,light rain
170,Esperance,AU,-33.8667,121.9,51.64,85,100,27.92,overcast clouds
171,Missoula,US,47.0166,-113.8009,79.65,25,7,4.83,clear sky
172,Fort Smith,US,35.3859,-94.3986,100.35,34,0,9.22,clear sky
173,Opunake,NZ,-39.4556,173.8583,47.12,70,100,6.69,overcast clouds
174,Lasa,IT,46.6166,10.7002,66.99,90,90,1.86,overcast clouds
175,Nabire,ID,-3.3667,135.4833,74.19,94,95,4.61,overcast clouds
176,Ixtapa,MX,20.7,-105.2,91.22,64,20,1.99,few clouds
177,Port Lincoln,AU,-34.7333,135.8667,53.89,73,51,11.77,broken clouds
178,Ashtabula,US,41.7001,-80.7665,81.45,35,100,15.43,overcast clouds
179,Xining,CN,36.6167,101.7667,54.34,59,0,3.09,clear sky
180,Bulgan,MN,48.8125,103.5347,52.27,96,90,2.35,overcast clouds
181,Avarua,CK,-21.2078,-159.775,73.13,66,98,19.44,overcast clouds
182,Talnakh,RU,69.4865,88.3972,67.21,67,96,5.26,overcast clouds
183,Atar,MR,20.5169,-13.0499,83.35,65,100,11.95,moderate rain
184,Half Moon Bay,US,37.4636,-122.4286,83.53,68,75,8.86,mist
185,Tiksi,RU,71.6872,128.8694,47.52,83,35,2.93,scattered clouds
186,Berlevag,NO,70.8578,29.0864,53.4,93,100,23.02,light intensity drizzle
187,Nouakchott,MR,18.0858,-15.9785,85.93,82,66,17.6,broken clouds
188,Los Llanos De Aridane,ES,28.6585,-17.9182,72.23,83,17,4.45,few clouds
189,Pauini,BR,-7.7136,-66.9764,87.55,56,88,2.77,overcast clouds
190,Necochea,AR,-38.5473,-58.7368,59.11,73,100,1.1,overcast clouds
191,Mweka,CD,-4.85,21.5667,71.71,69,21,2.66,few clouds
192,Marzuq,YE,14.4,46.4667,81.59,55,17,5.37,few clouds
193,Bowling Green,US,36.9903,-86.4436,98.15,58,0,7.49,clear sky
194,Petropavlovsk-Kamchatskiy,RU,53.0452,158.6483,54.19,88,20,4.47,few clouds
195,Palu,ID,-0.8917,119.8707,74.53,95,73,2.95,broken clouds
196,Abalak,RU,58.1286,68.5944,48.7,85,31,4.61,scattered clouds
197,Ochamchira,GE,42.7121,41.4721,64.27,84,9,4.94,clear sky
198,Ambilobe,MG,-13.2,49.05,65.35,83,11,3.67,few clouds
199,Ulladulla,AU,-35.35,150.4667,49.66,91,31,3.87,scattered clouds
200,Kasongo-Lunda,CD,-6.4667,16.8167,81.07,49,100,3.31,overcast clouds
201,Saryg-Sep,RU,51.5,95.6,47.62,88,1,3.2,clear sky
202,Muros,ES,42.7762,-9.0603,68.38,68,0,10.71,clear sky
203,Miri,MY,4.4148,114.0089,78.94,94,40,5.75,scattered clouds
204,Sao Jose Da Coroa Grande,BR,-8.8978,-35.1478,76.26,82,25,11.21,scattered clouds
205,Nemuro,JP,43.3236,145.575,60.06,95,98,10.25,overcast clouds
206,Barra Do Garcas,BR,-15.89,-52.2567,91.98,22,0,5.75,clear sky
207,Kotovo,RU,50.3211,44.8012,64.69,71,76,4.7,broken clouds
208,Kaya,BF,13.0917,-1.0844,83.01,61,81,11.25,broken clouds
209,Bambous Virieux,MU,-20.3428,57.7575,70.21,78,40,14.97,scattered clouds
210,Sioux Lookout,CA,50.1001,-91.917,63.73,91,100,8.3,overcast clouds
211,Ilulissat,GL,69.2167,-51.1,39.04,99,100,4.32,light rain
212,Mehriz,IR,31.5917,54.4318,91.9,12,0,1.92,clear sky
213,Luganville,VU,-15.5333,167.1667,76.93,85,0,1.54,clear sky
214,Chara,RU,56.9064,118.2631,62.76,81,11,2.44,few clouds
215,Tacoronte,ES,28.4769,-16.4102,80.92,44,20,3.44,few clouds
216,Cervo,ES,43.6702,-7.4101,67.96,88,7,8.32,clear sky
217,Ardakan,IR,32.31,54.0175,94.14,9,0,5.99,clear sky
218,Lahij,YE,13.1667,44.5833,86.63,49,75,6.53,light rain
219,Bereda,ES,43.2686,-7.5406,61.27,85,0,4.59,clear sky
220,Bani Walid,LY,31.7566,13.9942,78.39,43,0,11.3,clear sky
221,Dawson Creek,CA,55.7666,-120.2362,77.22,36,56,7.52,broken clouds
222,Atambua,ID,-9.1061,124.8925,64.24,79,100,5.35,overcast clouds
223,Sur,OM,22.5667,59.5289,88.2,65,37,13.4,scattered clouds
224,Gornoye Loo,RU,43.7129,39.6049,67.78,84,0,5.95,clear sky
225,Porto Walter,BR,-8.2686,-72.7439,84.6,60,100,0.25,overcast clouds
226,Lianzhou,CN,24.7811,112.3825,77.58,87,7,2.17,clear sky
227,Morden,CA,49.1919,-98.1014,74.08,60,99,11.5,overcast clouds
228,Haines Junction,CA,60.7522,-137.5108,62.55,42,92,5.75,overcast clouds
229,Sao Filipe,CV,14.8961,-24.4956,78.01,84,100,5.06,light rain
230,Cidreira,BR,-30.1811,-50.2056,63.21,97,36,9.71,scattered clouds
231,Axim,GH,4.8699,-2.2405,75.43,79,63,6.98,broken clouds
232,Matamoros,MX,25.5333,-103.25,97.14,17,8,12.71,clear sky
233,Madoc,CA,44.5084,-77.4745,88.3,50,8,13.4,clear sky
234,Borgarnes,IS,64.5383,-21.9206,62.82,74,100,4.59,overcast clouds
235,Liwale,TZ,-9.7667,37.9333,64.47,78,49,3.49,scattered clouds
236,Kirakira,SB,-10.4544,161.9205,78.03,84,46,5.48,scattered clouds
237,Patiya,BD,22.2931,91.9762,75.49,94,100,4.56,overcast clouds
238,Emba,KZ,48.8264,58.1442,77.76,41,94,5.99,overcast clouds
239,Narsaq,GL,60.9167,-46.05,50.97,73,98,6.82,overcast clouds
240,Mount Isa,AU,-20.7333,139.5,44.37,76,0,0.0,clear sky
241,Formosa Do Rio Preto,BR,-11.0483,-45.1931,87.28,23,55,7.7,broken clouds
242,Boralday,KZ,43.3578,76.8594,76.86,38,20,6.71,few clouds
243,Tallahassee,US,30.4383,-84.2807,91.33,80,75,14.97,thunderstorm
244,Genhe,CN,50.7833,121.5167,56.34,97,39,3.27,scattered clouds
245,Wewak,PG,-3.5534,143.6268,79.36,85,39,5.46,scattered clouds
246,Kholm-Zhirkovskiy,RU,55.5189,33.4731,62.4,89,0,5.95,clear sky
247,Brzesko,PL,49.9691,20.6061,69.58,92,100,3.8,moderate rain
248,Vao,NC,-22.6667,167.4833,74.17,86,98,19.17,overcast clouds
249,Bonavista,CA,48.6499,-53.1147,66.6,87,77,9.13,broken clouds
250,Maine-Soroa,NE,13.2114,12.0241,86.77,48,79,8.55,broken clouds
251,Lashio,MM,22.9333,97.75,67.73,99,90,0.72,overcast clouds
252,Carutapera,BR,-1.195,-46.02,81.77,75,99,7.81,overcast clouds
253,Ravar,IR,31.2656,56.8055,89.98,11,0,3.27,clear sky
254,Viedma,AR,-40.8135,-62.9967,55.96,48,100,4.41,overcast clouds
255,Geraldton,AU,-28.7667,114.6,57.61,62,75,14.97,broken clouds
256,Muisne,EC,0.6,-80.0333,75.6,80,97,10.2,overcast clouds
257,Acapulco,MX,16.8634,-99.8901,86.94,66,100,5.53,overcast clouds
258,Arshan,RU,46.2732,44.22,62.98,67,44,8.95,scattered clouds
259,Hambantota,LK,6.1241,81.1185,79.25,79,88,18.77,overcast clouds
260,Faanui,PF,-16.4833,-151.75,79.47,72,5,13.18,clear sky
261,Neyshabur,IR,36.2133,58.7958,82.69,39,0,5.32,clear sky
262,Wanning,CN,18.8003,110.3967,79.27,85,0,5.23,clear sky
263,Baykit,RU,61.67,96.37,59.63,97,100,2.42,overcast clouds
264,Blagoyevo,RU,63.3667,47.9167,65.19,67,81,4.32,broken clouds
265,Samarai,PG,-10.6167,150.6667,79.3,83,81,13.73,broken clouds
266,Campbell River,CA,50.0163,-125.2446,71.6,56,20,3.44,few clouds
267,Sola,VU,-13.8833,167.55,79.97,77,9,9.31,clear sky
268,Padang,ID,-0.9492,100.3543,76.89,87,99,4.94,overcast clouds
269,Kruisfontein,ZA,-34.0033,24.7314,50.88,71,12,16.04,few clouds
270,Puerto Ayacucho,VE,5.6639,-67.6236,84.88,72,57,3.44,light rain
271,Vinh,VN,18.6667,105.6667,77.4,93,0,2.66,clear sky
272,Hobyo,SO,5.3505,48.5268,76.42,83,19,28.12,few clouds
273,Umm Lajj,SA,25.0213,37.2685,87.46,54,100,9.66,overcast clouds
274,Khromtau,KZ,50.2503,58.4347,69.53,46,62,7.43,broken clouds
275,Luderitz,NA,-26.6481,15.1594,60.39,63,0,23.53,clear sky
276,Sorland,NO,67.667,12.6934,52.32,85,82,10.45,broken clouds
277,Galle,LK,6.0367,80.217,78.96,87,77,15.37,broken clouds
278,Klaksvik,FO,62.2266,-6.589,50.92,89,99,15.99,overcast clouds
279,Acajutla,SV,13.5928,-89.8275,83.73,76,54,5.1,broken clouds
280,Nanortalik,GL,60.1432,-45.2371,44.83,90,89,10.74,overcast clouds
281,Stykkisholmur,IS,65.0757,-22.7297,52.09,79,100,7.81,overcast clouds
282,Anadyr,RU,64.75,177.4833,45.1,87,40,6.71,scattered clouds
283,Dauphin,CA,51.1494,-100.0502,66.34,59,100,11.5,overcast clouds
284,Karratha,AU,-20.7377,116.8463,62.11,44,0,11.07,clear sky
285,Lorengau,PG,-2.0226,147.2712,81.03,80,21,5.61,few clouds
286,Kinsale,IE,51.7075,-8.5306,62.28,91,100,17.76,overcast clouds
287,Kavieng,PG,-2.5744,150.7967,81.72,76,6,11.03,clear sky
288,Watsa,CD,3.0372,29.5355,64.17,98,26,0.58,light rain
289,Ancud,CL,-41.8697,-73.8203,45.54,90,100,1.72,light rain
290,Tomatlan,MX,19.9333,-105.25,91.42,56,83,10.54,broken clouds
291,Altamira,BR,-3.2033,-52.2064,90.91,46,98,1.86,overcast clouds
292,Kihei,US,20.785,-156.4656,80.89,59,6,2.33,clear sky
293,Sangar,RU,63.9242,127.4739,60.26,85,3,5.28,clear sky
294,Iwanai,JP,42.9744,140.5089,65.59,97,100,3.47,overcast clouds
295,Vardo,NO,70.3705,31.1107,51.87,88,61,15.3,broken clouds
296,Savannah Bight,HN,16.45,-85.85,82.92,81,95,21.56,overcast clouds
297,Trinidad,BO,-14.8333,-64.9,93.18,43,20,8.05,few clouds
298,Solone,UA,48.2081,34.8721,66.07,68,11,6.87,few clouds
299,Asosa,ET,10.0667,34.5333,61.72,95,100,1.72,light rain
300,Synya,RU,65.3718,58.0387,46.78,96,49,4.09,scattered clouds
301,Amparafaravola,MG,-17.5833,48.2167,54.3,98,17,3.2,few clouds
302,Pucallpa,PE,-8.3791,-74.5539,89.64,51,40,6.91,scattered clouds
303,Corby,GB,52.4964,-0.6894,71.83,64,99,13.29,overcast clouds
304,Nykoping,SE,58.753,17.0079,59.29,94,20,3.44,light intensity drizzle
305,Harda,IN,22.3333,77.1,74.41,97,100,11.5,moderate rain
306,Ulaanbaatar,MN,47.9077,106.8832,53.73,87,40,2.24,scattered clouds
307,Walvis Bay,NA,-22.9575,14.5053,58.15,72,0,4.61,clear sky
308,Usinsk,RU,65.9939,57.5281,48.88,86,57,10.83,broken clouds
309,Auki,SB,-8.7676,160.7034,76.84,88,20,3.58,few clouds
310,Russell,US,32.3502,-85.1999,89.38,83,75,5.75,light rain
311,Lagoa,PT,39.05,-27.9833,73.45,86,13,10.04,few clouds
312,Cayenne,GF,4.9333,-52.3333,86.04,8,95,12.66,overcast clouds
313,Labuhan,ID,-6.8844,112.2051,75.72,84,79,6.31,broken clouds
314,Amarillo,US,35.222,-101.8313,98.64,19,3,16.49,clear sky
315,Bagdarin,RU,54.4333,113.6,58.69,98,100,2.71,overcast clouds
316,Guerrero Negro,MX,27.9769,-114.0611,75.74,58,10,15.35,clear sky
317,Pangnirtung,CA,66.1451,-65.7125,55.35,57,10,4.63,clear sky
318,Merauke,ID,-8.4667,140.3333,75.27,92,60,11.86,broken clouds
319,Monastyrshchina,RU,54.3496,31.838,63.19,86,2,6.62,clear sky
320,General Roca,AR,-39.0333,-67.5833,56.62,45,100,7.92,light rain
321,Blenheim,NZ,-41.516,173.9528,40.51,85,100,3.96,overcast clouds
322,Mount Gambier,AU,-37.8333,140.7667,49.91,100,100,10.36,overcast clouds
323,Faya,SA,18.3851,42.4509,67.48,63,100,2.91,light rain
324,Chipinge,ZW,-20.1883,32.6236,54.41,68,0,4.25,clear sky
325,Champasak,LA,14.75,106.0,72.16,99,71,1.97,broken clouds
326,Soubre,CI,5.7856,-6.6083,74.55,79,98,3.78,overcast clouds
327,Yar-Sale,RU,66.8333,70.8333,50.32,75,73,15.97,broken clouds
328,Almas,RO,46.2833,22.2333,76.95,34,23,2.95,few clouds
329,Nampula,MZ,-15.1165,39.2666,62.11,88,3,2.62,clear sky
330,Touros,BR,-5.1989,-35.4608,78.08,80,61,17.13,broken clouds
331,Puerto Madryn,AR,-42.7692,-65.0385,43.59,97,100,10.31,overcast clouds
332,Bilma,NE,18.6853,12.9164,95.77,17,7,3.18,clear sky
333,Sandwick,GB,60.0,-1.25,55.22,76,75,13.8,broken clouds
334,Kaeo,NZ,-35.1,173.7833,58.32,86,100,16.93,light rain
335,Ossora,RU,59.2353,163.0719,53.73,66,3,9.71,clear sky
336,Agde,FR,43.3108,3.4758,89.46,32,0,11.5,clear sky
337,Ostroda,PL,53.6967,19.9649,61.56,97,67,3.2,broken clouds
338,Inuvik,CA,68.3499,-133.7218,46.62,90,100,10.92,light rain
339,Nizwa,OM,22.9333,57.5333,89.53,53,14,3.87,few clouds
340,Havelock,US,34.8791,-76.9013,88.99,74,70,4.0,broken clouds
341,Awbari,LY,26.5921,12.7805,86.0,20,0,10.04,clear sky
342,Izumo,JP,35.3667,132.7667,72.61,82,90,3.27,overcast clouds
343,Katherine,AU,-14.4667,132.2667,55.63,24,46,4.43,scattered clouds
344,Kieta,PG,-6.2167,155.6333,77.99,84,3,5.19,clear sky
345,Phan Thiet,VN,10.9333,108.1,75.85,91,93,3.89,overcast clouds
346,Kinwat,IN,19.6333,78.2,74.46,92,100,6.13,moderate rain
347,Constitucion,CL,-35.3333,-72.4167,57.47,79,100,2.28,overcast clouds
348,Ahipara,NZ,-35.1667,173.1667,55.11,89,100,15.55,heavy intensity rain
349,Datong,CN,40.0936,113.2914,68.45,42,2,5.44,clear sky
350,Kulhudhuffushi,MV,6.6221,73.07,81.48,76,100,14.83,overcast clouds
351,Zhatay,RU,62.1594,129.8294,57.25,88,0,2.24,clear sky
352,Yorkton,CA,51.2167,-102.4677,57.42,73,100,12.97,overcast clouds
353,Saint-Georges,GD,12.0564,-61.7485,81.61,67,3,11.97,clear sky
354,Ziyang,CN,29.2497,117.8547,76.91,92,0,0.69,light rain
355,Whitehorse,CA,60.7161,-135.0538,64.09,50,95,4.0,overcast clouds
356,Kuusamo,FI,65.9667,29.1833,60.84,59,0,6.91,clear sky
357,Tarbes,FR,43.25,0.1667,71.71,73,0,3.44,clear sky
358,Bilibino,RU,68.0546,166.4372,50.7,55,96,1.59,overcast clouds
359,Poum,NC,-20.2333,164.0167,75.11,75,62,8.93,broken clouds
360,Fortuna,US,40.5982,-124.1573,66.92,76,33,3.0,scattered clouds
361,Hofn,IS,64.2539,-15.2082,53.38,81,92,2.44,overcast clouds
362,Leshukonskoye,RU,64.8989,45.7622,54.39,98,100,6.8,heavy intensity rain
363,Aklavik,CA,68.2191,-135.0107,46.94,87,100,7.36,overcast clouds
364,Mareeba,AU,-17.0,145.4333,51.89,94,0,1.99,clear sky
365,Vestmannaeyjar,IS,63.4427,-20.2734,54.52,86,100,7.14,overcast clouds
366,Krasnoselkup,RU,65.7,82.4667,56.03,91,19,4.03,few clouds
367,Pochutla,MX,15.7432,-96.4661,80.51,80,100,1.61,overcast clouds
368,Pervomayskiy,RU,53.2485,40.2871,64.09,79,0,7.81,clear sky
369,Aykhal,RU,66.0,111.5,60.28,72,68,7.43,broken clouds
370,Coquimbo,CL,-29.9533,-71.3436,55.13,82,100,3.44,overcast clouds
371,Bastia,FR,42.6667,9.3333,85.8,69,0,7.0,clear sky
372,Ikom,NG,5.9667,8.7063,71.8,98,100,0.67,overcast clouds
373,Ternate,ID,0.8,127.4,79.75,79,16,4.59,few clouds
374,Akcakoca,TR,41.0866,31.1162,68.4,77,0,4.9,clear sky
375,Caala,AO,-12.8525,15.5606,63.55,32,18,3.02,few clouds
376,Beloha,MG,-25.1667,45.05,66.97,73,18,5.03,few clouds
377,Filingue,NE,14.3521,3.3168,93.45,40,97,7.25,light rain
378,Buala,SB,-8.145,159.5921,78.96,83,6,4.74,clear sky
379,La Ronge,CA,55.1001,-105.2842,59.22,88,100,9.22,overcast clouds
380,Rudbar,AF,30.15,62.6,96.42,18,64,2.8,broken clouds
381,Henties Bay,NA,-22.116,14.2845,56.39,84,0,3.96,clear sky
382,Port Hedland,AU,-20.3167,118.5667,57.25,67,0,9.22,clear sky
383,Bairiki,KI,1.3292,172.9752,81.34,77,43,18.45,scattered clouds
384,Tyup,KG,42.7276,78.3648,66.78,40,0,5.19,clear sky
385,Pathanamthitta,IN,9.2667,76.7833,76.73,97,93,2.37,overcast clouds
386,Voskresenskoye,RU,56.8381,45.4317,67.93,78,87,4.65,overcast clouds
387,Vysokogornyy,RU,50.1167,139.15,56.62,97,88,1.88,overcast clouds
388,Beyneu,KZ,45.3167,55.2,82.08,36,45,16.64,scattered clouds
389,Qaqortoq,GL,60.7167,-46.0333,46.92,81,98,7.45,overcast clouds
390,Zarubino,RU,42.63,131.0922,63.93,98,100,9.26,overcast clouds
391,Cockburn Town,TC,21.4612,-71.1419,82.17,71,16,18.75,few clouds
392,Norman Wells,CA,65.282,-126.8329,60.96,74,100,4.03,light rain
393,Carballo,ES,43.213,-8.691,76.42,93,1,3.62,clear sky
394,Pisco,PE,-13.7,-76.2167,63.86,75,72,5.12,broken clouds
395,Niitsu,JP,37.8,139.1167,66.9,95,89,3.22,overcast clouds
396,Lang Son,VN,21.8333,106.7333,73.56,97,6,2.86,clear sky
397,Paris,FR,48.8534,2.3488,75.47,46,89,6.62,overcast clouds
398,Kapchorwa,UG,1.3965,34.4509,57.52,84,53,4.23,broken clouds
399,Savelugu,GH,9.6244,-0.8253,71.98,95,100,5.5,overcast clouds
400,San Jeronimo,PE,-11.9472,-75.2829,65.68,27,97,3.62,overcast clouds
401,La Asuncion,VE,11.0333,-63.8628,87.53,58,0,14.97,clear sky
402,Yagodnoye,RU,62.55,149.6667,58.59,65,100,1.41,overcast clouds
403,Portland,US,45.5234,-122.6762,77.99,54,1,4.92,clear sky
404,Ust-Maya,RU,60.4167,134.5333,62.67,97,59,2.95,broken clouds
405,Cherskiy,RU,68.75,161.3,55.67,49,16,0.69,few clouds
406,Tromso,NO,69.6496,18.957,50.02,93,100,11.5,overcast clouds
407,Katsuura,JP,35.1333,140.3,77.36,86,100,13.02,overcast clouds
408,Sao Joao Da Barra,BR,-21.6403,-41.0511,72.84,82,4,16.31,clear sky
409,Kasongo,CD,-4.45,26.6667,82.74,33,95,3.09,overcast clouds
410,College,US,64.8569,-147.8028,62.1,64,55,3.44,broken clouds
411,Houma,US,29.5958,-90.7195,77.0,94,75,8.05,broken clouds
412,Sakakah,SA,29.9697,40.2064,93.69,13,0,16.91,clear sky
413,Tucuma,BR,-0.1833,-50.05,84.16,72,93,8.23,overcast clouds
414,Abu Samrah,SY,35.3029,37.1841,81.01,36,0,9.26,clear sky
415,Saldanha,ZA,-33.0117,17.9442,55.6,66,0,21.27,clear sky
416,Kastamonu,TR,41.5,33.6667,53.42,89,0,3.29,clear sky
417,Parabel,RU,58.6978,81.4825,52.75,70,86,4.21,overcast clouds
418,Pueblo Bello,CO,8.2041,-76.526,85.98,62,100,4.16,overcast clouds
419,Shache,CN,38.4167,77.2406,85.48,10,0,5.14,clear sky
420,Asfi,MA,32.2994,-9.2372,78.55,70,97,15.39,overcast clouds
421,Planaltina,BR,-15.4528,-47.6142,77.95,31,0,5.88,clear sky
422,Hibbing,US,47.4272,-92.9377,76.39,46,100,3.44,overcast clouds
423,Limbang,MY,4.75,115.0,73.67,98,86,1.48,overcast clouds
424,Ulaangom,MN,49.9811,92.0667,58.89,51,22,4.05,few clouds
425,Panguna,PG,-6.3164,155.4848,67.1,94,1,2.19,clear sky
426,Hereford,GB,52.0568,-2.7148,68.05,82,100,1.99,overcast clouds
427,Bone,DE,51.9669,12.1396,68.9,55,3,6.78,clear sky
428,Ambovombe,MG,-25.1667,46.0833,67.39,73,16,4.29,few clouds
429,Kapit,MY,2.0167,112.9333,73.17,100,100,1.28,overcast clouds
430,Puerto Escondido,MX,15.85,-97.0667,83.77,73,100,5.97,overcast clouds
431,Aripuana,BR,-9.1667,-60.6333,96.57,21,2,2.68,clear sky
432,Salas,ES,43.4118,-6.2602,67.77,94,4,2.66,clear sky
433,Yaan,NG,7.3833,8.5667,70.34,97,100,3.53,overcast clouds
434,That Phanom,TH,16.9364,104.7104,76.8,86,12,2.37,few clouds
435,Sokoni,TZ,-6.4333,39.55,75.29,75,31,14.41,scattered clouds
436,Tepla,CZ,49.98,12.8643,64.31,80,26,1.16,scattered clouds
437,Luang Prabang,LA,19.8856,102.1347,72.5,98,60,1.01,broken clouds
438,Gawler,AU,-34.6,138.7333,55.26,76,0,7.09,clear sky
439,Halkirk,CA,52.2834,-112.1518,70.9,53,13,2.86,few clouds
440,Adre,TD,13.4667,22.2,81.3,57,81,10.47,broken clouds
441,Awjilah,LY,29.1081,21.2869,84.27,43,0,15.32,clear sky
442,Shelburne,CA,44.0787,-80.2041,84.6,45,39,17.0,scattered clouds
443,Kailua,US,21.4022,-157.7394,81.64,69,14,8.01,few clouds
444,Kahului,US,20.8947,-156.47,82.98,81,5,11.99,clear sky
445,Emerald,AU,-23.5333,148.1667,50.34,85,0,6.62,clear sky
446,Kaitangata,NZ,-46.2817,169.8464,33.42,87,31,3.49,scattered clouds
447,Bocas Del Toro,PA,9.3333,-82.25,82.29,75,83,6.78,broken clouds
448,Berdigestyakh,RU,62.0989,126.6992,59.2,88,5,1.61,clear sky
449,Fairbanks,US,64.8378,-147.7164,57.43,70,56,3.56,light rain
450,Tabuk,PH,17.4189,121.4443,75.2,92,100,1.43,overcast clouds
451,Aldan,RU,58.6031,125.3894,65.43,75,79,4.38,broken clouds
452,San Matias,BO,-16.3667,-58.4,96.1,20,59,4.52,broken clouds
453,Quatre Cocos,MU,-20.2078,57.7625,69.76,75,46,16.17,light rain
454,Osinki,RU,52.8432,49.5132,67.28,73,93,7.74,overcast clouds
455,Kalach-Na-Donu,RU,48.691,43.5264,61.99,81,100,0.94,overcast clouds
456,Talladega,US,33.4359,-86.1058,91.89,58,0,5.75,clear sky
457,Planadas,CO,3.197,-75.6451,75.13,76,64,3.13,light rain
458,Swan River,CA,52.1058,-101.2676,60.73,76,97,6.08,overcast clouds
459,Kabompo,ZM,-13.5927,24.2008,62.73,36,12,5.64,few clouds
460,Santa Rosa,PH,14.3122,121.1114,78.69,89,100,2.33,overcast clouds
461,Ngama,TD,11.7833,17.1667,85.84,56,53,1.7,broken clouds
462,Honiara,SB,-9.4333,159.95,76.21,87,38,3.69,scattered clouds
463,Skelleftea,SE,64.7507,20.9528,61.0,85,100,3.44,overcast clouds
464,Okha,RU,53.5739,142.9478,55.45,89,23,8.3,few clouds
465,Stokmarknes,NO,68.5646,14.9108,51.78,82,75,5.75,broken clouds
466,Tilichiki,RU,60.4667,166.1,46.63,84,100,7.45,overcast clouds
467,Algiers,DZ,36.7525,3.042,80.64,64,2,8.59,clear sky
468,Morondava,MG,-20.2833,44.2833,71.89,78,0,7.9,clear sky
469,Changping,CN,40.2186,116.2197,74.84,70,3,3.18,clear sky
470,Koslan,RU,63.4564,48.8989,61.9,63,43,4.94,scattered clouds
471,Tiarei,PF,-17.5333,-149.3333,82.42,78,19,15.46,light rain
472,Hirara,JP,24.8,125.2833,84.81,78,58,10.92,broken clouds
473,Sembe,CG,1.6481,14.5806,70.9,97,33,1.32,light rain
474,Denpasar,ID,-8.65,115.2167,76.71,78,40,11.5,scattered clouds
475,Te Anau,NZ,-45.4167,167.7167,36.68,95,72,1.21,broken clouds
476,Leningradskiy,RU,69.3833,178.4167,34.7,93,100,8.84,overcast clouds
477,Sabha,LY,27.0377,14.4283,85.6,21,0,10.16,clear sky
478,Tartagal,AR,-22.5164,-63.8013,84.63,37,51,6.02,broken clouds
479,High Level,CA,58.5169,-117.136,76.23,34,98,8.37,overcast clouds
480,Waingapu,ID,-9.6567,120.2641,69.87,78,14,7.85,few clouds
481,Bolivar,US,37.6145,-93.4105,101.35,31,0,15.17,clear sky
482,Marshfield,US,44.6689,-90.1718,83.28,83,40,5.75,scattered clouds
483,Puerto Lempira,HN,15.2667,-83.7667,86.14,70,75,9.22,broken clouds
484,Port Macquarie,AU,-31.4333,152.9167,55.38,85,91,8.12,overcast clouds
485,Lavrentiya,RU,65.5833,-171.0,44.73,82,99,12.88,overcast clouds
486,Ritchie,ZA,-29.038,24.6028,55.33,39,61,17.54,broken clouds
487,Fort Nelson,CA,58.8053,-122.7002,67.62,49,100,11.56,light rain
488,Port Hawkesbury,CA,45.6169,-61.3485,89.91,57,1,4.0,clear sky
489,Negombo,LK,7.2083,79.8358,80.65,83,40,8.05,scattered clouds
490,Igrim,RU,63.1906,64.4162,48.51,74,56,4.47,broken clouds
491,Eyl,SO,7.9803,49.8164,77.0,79,100,25.34,overcast clouds
492,High Rock,BS,26.6208,-78.2833,85.14,68,0,11.59,clear sky
493,Namie,JP,37.4833,141.0,74.71,88,97,1.88,overcast clouds
494,Byron Bay,AU,-28.65,153.6167,54.95,85,69,11.01,broken clouds
495,Rocha,UY,-34.4833,-54.3333,65.44,86,94,8.5,overcast clouds
496,Povenets,RU,62.8487,34.8262,63.0,99,100,1.16,moderate rain
497,Kismayo,SO,-0.3582,42.5454,75.67,81,29,20.33,scattered clouds
498,Virginia Beach,US,36.8529,-75.978,87.93,58,95,12.01,overcast clouds
499,Shubarshi,KZ,48.5872,57.1869,74.28,50,96,8.75,light rain
500,Makokou,GA,0.5738,12.8642,70.79,93,91,2.46,light rain
501,Okhtyrka,UA,50.3104,34.8988,63.73,87,3,6.64,clear sky
502,Yarada,IN,17.65,83.2667,80.92,83,40,3.44,mist
503,Vagur,FO,61.4732,-6.8119,51.12,82,100,21.32,overcast clouds
504,Zhelyabovka,UA,45.3988,34.7578,69.1,52,1,2.53,clear sky
505,Gamba,GA,-2.65,10.0,69.06,89,95,5.86,overcast clouds
506,Rafai,CF,4.95,23.9167,69.17,94,100,1.68,overcast clouds
507,Xuddur,SO,4.1213,43.8894,75.02,63,73,20.92,broken clouds
508,Riberalta,BO,-10.9833,-66.1,93.4,46,40,9.22,scattered clouds
509,Madinat Sittah Uktubar,EG,29.8167,31.05,83.26,41,0,14.29,clear sky
510,Kavaratti,IN,10.5669,72.642,81.1,77,58,18.57,broken clouds
511,Dumai,ID,1.6833,101.45,73.94,96,100,1.14,moderate rain
512,Hervey Bay,AU,-25.2986,152.8535,57.96,85,8,13.24,clear sky
513,Arzgir,RU,45.3728,44.2206,67.01,57,2,13.18,clear sky
514,Grindavik,IS,63.8424,-22.4338,52.27,87,75,10.36,broken clouds
515,Tarakan,ID,3.3,117.6333,80.29,79,26,3.44,scattered clouds
516,Evensk,RU,61.95,159.2333,53.58,56,10,12.08,clear sky
517,Whitecourt,CA,54.1502,-115.6855,75.69,46,6,4.63,clear sky
518,Hare Bay,CA,48.8499,-54.0148,81.19,64,67,7.61,broken clouds
519,Totness,SR,5.8833,-56.3167,80.82,81,95,9.46,overcast clouds
520,Paamiut,GL,61.994,-49.6678,44.06,88,5,4.9,clear sky
521,Storslett,NO,69.7678,21.0247,51.8,87,75,11.5,broken clouds
522,Melfort,CA,52.8667,-104.6177,57.72,73,100,8.41,overcast clouds
523,Elko,US,41.0002,-115.5012,93.74,9,7,11.01,clear sky
524,Yelandur,IN,12.0667,77.0333,69.94,92,50,5.37,scattered clouds
525,New Ulm,US,44.3125,-94.4605,79.12,65,0,14.97,clear sky
526,Margate,GB,51.3813,1.3862,68.88,61,95,1.99,overcast clouds
527,Owando,CG,-0.4819,15.8999,73.74,89,100,2.59,overcast clouds
528,Gladstone,AU,-23.85,151.25,54.79,87,0,2.3,clear sky
529,Srednekolymsk,RU,67.45,153.6833,56.12,44,3,10.69,clear sky
530,Moramanga,MG,-18.9333,48.2,55.04,99,69,1.86,broken clouds
531,Piacabucu,BR,-10.4056,-36.4344,75.56,82,78,11.14,broken clouds
532,Weligama,LK,5.9667,80.4167,78.44,87,82,14.09,broken clouds
533,Ola,RU,59.5833,151.2833,56.7,89,100,6.71,light rain
534,San Patricio,US,28.017,-97.5169,94.86,43,23,20.04,few clouds
535,Muana,BR,-1.5283,-49.2167,90.73,47,98,1.57,overcast clouds
536,Sikeston,US,36.8767,-89.5879,98.44,34,0,10.27,clear sky
537,Mahanoro,MG,-19.9,48.8,66.45,89,64,2.26,light rain
538,Gemena,CD,3.25,19.7667,69.82,97,42,1.52,scattered clouds
539,Khasan,RU,42.4308,130.6434,65.5,98,100,9.44,overcast clouds
540,Mindelo,CV,16.8901,-24.9804,80.15,69,75,14.97,broken clouds
541,Salmon Arm,CA,50.6998,-119.3024,91.31,33,9,1.52,clear sky
542,Balkanabat,TM,39.5108,54.3671,84.9,39,0,10.25,clear sky
543,Dekar,BW,-21.5333,21.9333,61.5,38,29,6.08,scattered clouds
544,Jejuri,IN,18.2833,74.1667,70.39,91,100,9.69,overcast clouds
545,Igarka,RU,67.4667,86.5833,58.78,84,55,10.07,broken clouds
546,Keskin,TR,39.6731,33.6136,64.83,45,0,7.14,clear sky
547,Acarau,BR,-2.8856,-40.12,81.82,70,33,16.78,scattered clouds
548,Wasilla,US,61.5814,-149.4394,63.01,55,100,18.41,light rain
549,Lethem,GY,3.3803,-59.7968,81.46,75,97,5.55,moderate rain
550,Calama,CL,-22.4667,-68.9333,70.29,17,0,20.71,clear sky
551,Ewa Beach,US,21.3156,-158.0072,82.35,60,40,16.11,scattered clouds
552,Oliveira Dos Brejinhos,BR,-12.3169,-42.8961,82.94,23,100,9.19,overcast clouds
553,Kamen-Rybolov,RU,44.7481,132.0403,62.76,93,100,10.45,moderate rain
554,Kousseri,CM,12.0769,15.0306,85.23,56,63,5.17,broken clouds
555,San Rafael Del Sur,NI,11.8485,-86.4384,86.97,75,87,12.53,overcast clouds
556,Mayo,US,38.8876,-76.5119,99.36,58,0,11.5,clear sky
557,Janakkala,FI,60.9,24.6,58.37,98,91,5.37,overcast clouds
558,Jiuquan,CN,39.7432,98.5174,72.64,29,0,3.18,clear sky
559,Tucumcari,US,35.1717,-103.725,98.85,21,7,15.37,clear sky
560,Carhuaz,PE,-9.2819,-77.6447,67.39,49,82,7.23,light rain
561,Mutare,ZW,-18.9707,32.6709,54.9,62,17,3.33,few clouds
562,Lykhivka,UA,48.6874,33.9228,70.88,59,77,5.59,broken clouds
563,Conde,BR,-7.2597,-34.9075,78.26,78,75,11.5,broken clouds
564,Hamilton,US,39.1834,-84.5333,97.81,34,64,9.66,broken clouds
565,Egvekinot,RU,66.3167,-179.1667,38.35,75,100,8.93,overcast clouds
566,Alexandria,EG,31.2156,29.9553,78.1,76,0,9.69,clear sky
567,Chipiona,ES,36.7366,-6.437,89.78,58,0,4.61,clear sky
568,Port-Gentil,GA,-0.7193,8.7815,73.6,76,100,10.71,overcast clouds
569,Pemba,MZ,-12.974,40.5178,74.86,71,5,12.82,clear sky
570,San Ignacio,BZ,17.1561,-89.0714,79.66,88,100,5.86,overcast clouds
571,My Tho,VN,10.35,106.35,75.9,95,97,3.33,overcast clouds
572,Bassano,CA,50.7834,-112.4685,70.65,45,13,4.47,few clouds
573,Bismarck,US,46.8083,-100.7837,82.24,47,0,17.27,clear sky
574,Artigas,UY,-30.4,-56.4667,74.01,81,100,7.43,overcast clouds
575,Beipiao,CN,41.7919,120.7792,63.07,93,0,0.92,clear sky
576,Praia,CV,14.9215,-23.5087,79.34,83,75,9.22,broken clouds
577,Alofi,NU,-19.0595,-169.9187,71.49,88,75,2.3,broken clouds
578,Santa Maria,BR,-29.6842,-53.8069,71.71,83,99,3.98,overcast clouds
579,Qui Nhon,VN,13.7667,109.2333,76.6,88,9,4.83,clear sky
580,Beringovskiy,RU,63.05,179.3167,44.78,84,100,16.24,overcast clouds
581,Mattru,SL,7.6244,-11.8332,74.7,85,95,4.59,overcast clouds
582,Eskil,TR,38.4017,33.4131,70.54,32,0,13.02,clear sky
583,Asau,RO,46.4333,26.4,72.52,58,21,3.58,few clouds
584,Rosamorada,MX,22.1222,-105.2058,94.75,40,12,6.67,few clouds
585,Hole Narsipur,IN,12.7828,76.2431,68.07,88,100,10.47,overcast clouds
586,Inirida,CO,3.8653,-67.9239,79.72,84,95,2.51,overcast clouds
587,Medeiros Neto,BR,-17.3739,-40.2206,77.79,49,7,9.69,clear sky
588,Chicama,PE,-7.8447,-79.1469,61.34,65,40,9.8,scattered clouds
589,Askino,RU,56.0901,56.5783,65.21,77,96,2.42,overcast clouds
590,Ankang,CN,32.68,109.0172,69.69,82,0,0.74,clear sky
591,Huejuquilla El Alto,MX,22.6,-103.8667,79.59,37,41,5.44,scattered clouds
592,Canutama,BR,-6.5339,-64.3831,95.45,35,78,2.33,broken clouds
593,Northam,GB,51.0333,-4.2167,65.39,91,99,18.14,overcast clouds
594,Sao Felix Do Xingu,BR,-6.6447,-51.995,92.53,27,100,2.98,overcast clouds
595,Olafsvik,IS,64.8945,-23.7142,52.52,80,88,9.4,overcast clouds
596,Jaisalmer,IN,26.9147,70.9181,83.77,75,100,1.07,overcast clouds
597,Wakkanai,JP,45.4094,141.6739,60.76,94,100,10.96,overcast clouds
598,Mancio Lima,BR,-7.6142,-72.8958,85.68,62,98,0.74,overcast clouds
599,Altay,CN,47.8667,88.1167,59.5,43,62,3.42,broken clouds
600,Tsybli,UA,49.9948,31.5628,69.78,63,0,6.31,clear sky
601,Mersing,MY,2.4312,103.8405,78.03,88,99,2.39,overcast clouds
602,Aras,ES,42.5617,-2.356,70.88,55,0,3.8,clear sky
603,Port Hardy,CA,50.6996,-127.4199,60.8,72,18,9.91,few clouds
604,Manado,ID,1.487,124.8455,74.93,87,6,3.42,clear sky
605,Martapura,ID,-3.4167,114.85,75.29,94,66,1.14,broken clouds
606,Aquiraz,BR,-3.9014,-38.3911,82.49,75,48,9.62,scattered clouds
607,Bojnurd,IR,37.4747,57.329,73.67,58,3,5.01,clear sky
608,Mali Zvornik,RS,44.3734,19.1065,83.86,30,71,2.91,broken clouds
609,Casay,PH,9.8204,123.5496,79.75,83,95,1.81,overcast clouds
610,Monywa,MM,22.1167,95.1333,80.73,79,100,8.16,overcast clouds
611,Benghazi,LY,32.1167,20.0667,80.24,74,0,17.09,clear sky
612,Gofitskoye,RU,45.0792,43.0464,63.61,63,9,11.25,clear sky
613,Kloulklubed,PW,7.0419,134.2556,75.7,78,100,15.37,light rain
614,Beira,MZ,-19.8436,34.8389,64.49,100,20,5.75,few clouds
615,Robertsport,LR,6.7533,-11.3686,77.54,77,100,11.21,overcast clouds
616,Moses Lake,US,47.1301,-119.2781,92.88,24,0,8.05,clear sky
617,Angoche,MZ,-16.2325,39.9086,72.1,75,0,6.13,clear sky
618,Shelomi,IL,33.0747,35.1461,80.35,86,0,5.84,clear sky
619,Gacko,BA,43.1672,18.5353,68.32,42,0,1.21,clear sky
620,Narayangarh,IN,30.4833,77.1333,83.82,67,97,5.79,overcast clouds
621,Kutum,SD,14.2,24.6667,85.48,33,63,4.09,broken clouds
622,Kamenka,RU,51.3223,42.7678,59.68,94,100,6.04,overcast clouds
623,Valparaiso,CL,-33.0393,-71.6273,51.44,93,100,9.22,mist
624,Nauta,PE,-4.5061,-73.5757,82.36,72,93,3.22,overcast clouds
625,Mandalgovi,MN,45.7625,106.2708,62.82,59,100,4.12,overcast clouds
626,Nioki,CD,-2.7167,17.6833,81.34,59,100,3.13,overcast clouds
627,Kurilsk,RU,45.2333,147.8833,54.99,96,100,14.63,heavy intensity rain
628,Porto Belo,BR,-27.1578,-48.5531,67.1,89,31,3.58,scattered clouds
629,Udachnyy,RU,66.4167,112.4,59.85,78,65,9.53,broken clouds
630,Puerto Maldonado,PE,-12.6,-69.1833,93.69,32,19,4.36,few clouds
631,Trat,TH,12.5,102.5,75.87,89,100,0.81,overcast clouds
632,Tual,ID,-5.6667,132.75,78.71,80,98,12.15,overcast clouds
633,Dicabisagan,PH,17.0818,122.4157,78.28,83,97,2.62,overcast clouds
634,Neropolis,BR,-16.4064,-49.2186,83.28,23,3,4.29,clear sky
635,Carauari,BR,-4.8828,-66.8958,83.32,76,96,3.09,overcast clouds
636,Zhanaozen,KZ,43.3,52.8,74.55,52,89,25.34,light rain
637,Butembo,CD,0.15,29.2833,57.78,90,28,1.77,scattered clouds
638,Caceres,ES,39.522,-6.3748,87.51,14,0,6.78,clear sky
639,Marathon,US,44.9,-89.7668,85.24,68,75,8.05,broken clouds
640,Teya,RU,60.3778,92.6267,50.23,90,86,7.4,overcast clouds
641,Karpathos,GR,35.507,27.2132,75.16,78,0,23.02,clear sky
642,Gao,ML,16.6362,1.637,97.52,29,60,11.3,broken clouds
643,Plettenberg Bay,ZA,-34.0527,23.3716,53.91,75,75,13.04,broken clouds
644,Banda Aceh,ID,5.5577,95.3222,77.59,87,100,3.51,overcast clouds
645,Balakhninskiy,RU,58.0106,114.2769,63.57,87,0,3.65,clear sky
646,Camana,PE,-16.6228,-72.7111,63.21,74,52,5.77,broken clouds
647,Savannakhet,LA,16.566,104.751,76.77,85,29,1.12,scattered clouds
648,Araouane,ML,18.9048,-3.5265,103.35,15,31,0.63,scattered clouds
649,Qandala,SO,11.472,49.8728,88.77,57,76,4.38,broken clouds
650,Rovaniemi,FI,66.5,25.7167,62.01,55,0,6.91,clear sky
651,Turukhansk,RU,65.8167,87.9833,60.19,86,100,7.05,overcast clouds
652,Warrnambool,AU,-38.3833,142.4833,48.29,91,0,6.71,clear sky
653,Izberbash,RU,42.5696,47.8645,73.45,71,13,4.45,few clouds
654,Upata,VE,8.0086,-62.3989,80.4,71,77,1.19,broken clouds
655,Kargasok,RU,59.0556,80.8572,54.27,67,100,5.46,overcast clouds
656,Liepaja,LV,56.5419,21.0367,62.58,82,20,12.66,few clouds
657,Tongchuan,CN,35.0806,109.0897,69.19,51,1,3.33,clear sky
658,Nishihara,JP,26.1842,127.7558,83.86,89,40,5.75,scattered clouds
659,Maralal,KE,1.0968,36.698,58.12,66,61,5.75,broken clouds
660,Lata,PT,40.1629,-8.3327,67.84,60,0,3.56,clear sky
661,Impfondo,CG,1.6381,18.0667,72.19,91,84,1.88,light rain
662,Vangaindrano,MG,-23.35,47.6,64.04,92,3,5.01,clear sky
663,Champerico,GT,14.3,-91.9167,83.39,72,66,7.85,broken clouds
664,Vahagni,AM,40.907,44.6087,57.11,87,27,1.01,scattered clouds
665,Yulara,AU,-25.2406,130.9889,57.09,38,0,5.7,clear sky
666,Palmer,US,42.1584,-72.3287,95.56,37,20,9.22,few clouds
667,Yanji,CN,42.9075,129.5078,64.65,99,100,3.15,overcast clouds
668,Zykovo,RU,55.9519,93.1461,54.34,90,11,4.18,few clouds
669,Sarh,TD,9.1429,18.3923,75.13,85,99,1.68,light rain
670,Polovinnoye,RU,54.7914,65.9864,55.33,73,22,5.01,few clouds
671,Alekseyevka,RU,50.6309,38.6903,60.87,91,37,6.04,scattered clouds
672,Pudozh,RU,61.8099,36.5345,65.01,78,95,4.7,overcast clouds
673,Tigre,AR,-34.426,-58.5796,62.55,96,100,3.44,mist
674,Maracas,BR,-13.4411,-40.4308,68.05,68,100,9.01,overcast clouds
675,Hindaun,IN,26.7167,77.0167,85.03,73,100,8.23,overcast clouds
676,Villazon,BO,-22.0866,-65.5942,64.09,5,2,16.28,clear sky
677,Evans,US,33.5337,-82.1307,94.5,52,0,8.05,clear sky
678,Kedrovyy,RU,56.1667,91.8167,50.36,91,78,4.07,broken clouds
679,Agutaya,PH,11.148,120.9417,83.61,73,96,3.09,overcast clouds
680,Tezu,IN,27.9167,96.1667,78.6,75,100,2.13,overcast clouds
681,Durban,ZA,-29.8579,31.0292,67.01,84,87,7.0,overcast clouds
682,Nisia Floresta,BR,-6.0911,-35.2086,81.41,84,100,13.15,overcast clouds
683,Pacific Grove,US,36.6177,-121.9166,73.24,81,40,11.5,scattered clouds
684,Garowe,SO,8.4054,48.4845,84.88,39,100,20.78,overcast clouds
685,Lima,PE,-12.0432,-77.0282,64.54,71,52,7.67,broken clouds
686,Panama City,PA,8.9936,-79.5197,84.43,83,75,4.61,broken clouds
687,Ouango,CF,4.3133,22.5552,69.85,93,96,1.12,overcast clouds
688,Poya,NC,-21.35,165.15,71.69,92,58,4.43,broken clouds
689,Juegang,CN,32.3174,121.1855,72.73,93,33,6.93,scattered clouds
690,Kudahuvadhoo,MV,2.6708,72.8944,82.78,72,100,10.98,overcast clouds
691,Khandyga,RU,62.6667,135.6,62.64,95,2,1.83,clear sky
692,Saint-Pierre,RE,-21.3393,55.4781,69.48,80,100,11.5,overcast clouds
693,Crewe,GB,53.0979,-2.4416,67.84,75,100,8.01,overcast clouds
694,Sibu,MY,2.3,111.8167,72.68,99,55,2.13,broken clouds
695,Quang Ngai,VN,15.1167,108.8,74.75,91,2,4.56,clear sky
696,Chengde,CN,40.9725,117.9361,64.45,83,7,1.21,clear sky
